File Number,Rarity Score,Position
1445,470.79,1
2736,449.77,2
499,442.14,3
1153,435.35,4
383,434.79,5
2374,433.86,6
2685,433.26,7
2583,431.04,8
662,429.39,9
106,427.57,10
262,426.08,11
1798,425.21,12
694,425.00,13
3475,423.70,14
2269,422.52,15
3180,422.40,16
2452,420.38,17
20,419.28,18
1772,419.17,19
2298,419.00,20
953,418.91,21
128,417.81,22
16,417.77,23
1022,416.65,24
372,415.80,25
113,415.22,26
2722,413.20,27
520,412.92,28
49,410.94,29
2299,410.80,30
1280,409.02,31
969,407.85,32
2562,407.20,33
1263,405.94,34
583,405.41,35
545,405.20,36
454,404.28,37
411,403.75,38
139,402.89,39
1411,402.89,40
1292,402.58,41
52,402.40,42
2469,402.02,43
1581,401.67,44
440,401.38,45
2788,400.48,46
3245,399.50,47
2393,399.42,48
1803,399.40,49
1155,399.14,50
516,399.01,51
389,398.92,52
2219,398.73,53
400,398.37,54
222,397.24,55
1064,396.91,56
1403,396.36,57
2174,396.22,58
2016,396.04,59
99,395.62,60
3233,395.39,61
193,394.23,62
1046,394.10,63
1351,393.97,64
474,393.39,65
2533,392.96,66
932,392.93,67
1387,392.47,68
2273,392.32,69
1852,391.60,70
290,391.51,71
284,391.26,72
2664,390.63,73
919,390.23,74
390,390.01,75
556,389.48,76
2909,389.18,77
1778,388.87,78
2331,388.59,79
3250,388.22,80
761,387.81,81
3302,387.37,82
3410,386.52,83
1226,386.05,84
1610,385.99,85
671,385.68,86
306,385.65,87
3444,385.63,88
2889,385.41,89
1196,385.18,90
198,385.14,91
369,385.05,92
2882,384.92,93
3252,384.75,94
3343,384.63,95
794,384.62,96
2440,384.34,97
2042,384.31,98
140,384.14,99
2520,384.06,100
2926,383.83,101
148,383.67,102
1237,383.65,103
178,383.50,104
1470,383.36,105
3322,383.20,106
1901,383.04,107
3126,382.98,108
1285,382.89,109
775,382.71,110
413,382.13,111
1499,382.07,112
1376,381.42,113
1497,381.12,114
1078,381.09,115
1519,380.81,116
620,380.63,117
1191,380.43,118
3445,380.42,119
1208,380.38,120
615,380.35,121
1967,380.28,122
296,379.81,123
2748,379.75,124
2216,379.72,125
2757,379.69,126
115,379.34,127
3234,379.21,128
1366,379.20,129
1043,378.91,130
1864,378.79,131
825,378.67,132
2864,378.47,133
997,378.42,134
1882,378.38,135
470,378.26,136
1186,377.93,137
1006,377.91,138
699,377.88,139
1124,377.64,140
1750,377.48,141
1638,377.47,142
420,377.00,143
225,376.68,144
1736,376.56,145
1218,376.39,146
379,376.35,147
548,376.21,148
1065,376.21,149
2076,376.16,150
2302,376.09,151
3059,375.71,152
870,375.22,153
1650,375.13,154
3071,374.88,155
136,374.81,156
3313,374.48,157
2941,374.31,158
9,374.20,159
654,374.17,160
1112,374.02,161
210,373.27,162
2334,373.26,163
927,373.12,164
1168,372.89,165
3393,372.81,166
2204,372.65,167
2110,372.60,168
1753,372.53,169
1266,372.52,170
2139,372.21,171
249,372.18,172
590,371.81,173
3332,371.77,174
3188,371.71,175
2791,371.63,176
1820,371.47,177
1453,371.39,178
1665,371.37,179
924,370.78,180
727,370.78,181
2432,370.50,182
291,370.50,183
3109,370.17,184
2585,370.04,185
179,369.99,186
3231,369.95,187
535,369.77,188
596,369.74,189
678,369.60,190
2056,369.59,191
923,369.57,192
1100,369.47,193
2135,369.34,194
2550,369.30,195
2400,369.22,196
409,368.85,197
1343,368.74,198
1235,368.71,199
1028,368.61,200
1397,368.57,201
1782,368.46,202
2080,368.29,203
2773,367.82,204
2830,367.81,205
2108,367.72,206
2563,367.52,207
2346,367.29,208
2817,367.29,209
759,367.25,210
800,367.17,211
741,366.59,212
2215,366.57,213
3025,365.96,214
854,365.88,215
3211,365.68,216
3153,365.64,217
3028,365.40,218
365,365.38,219
2317,365.26,220
1429,365.21,221
3329,365.17,222
1106,364.97,223
1797,364.91,224
839,364.80,225
3486,364.75,226
2987,364.45,227
989,364.33,228
1174,364.16,229
1902,363.99,230
82,363.76,231
449,363.58,232
1664,363.37,233
240,363.07,234
160,363.04,235
2155,363.01,236
1733,362.82,237
1353,362.80,238
810,362.63,239
1824,362.54,240
2007,362.46,241
2809,362.43,242
3093,362.07,243
691,362.06,244
1627,362.01,245
2347,361.98,246
1968,361.88,247
53,361.73,248
2156,361.70,249
2921,361.66,250
418,361.59,251
2465,361.47,252
1695,361.44,253
1002,360.87,254
456,360.74,255
153,360.59,256
2854,360.58,257
664,360.50,258
916,360.41,259
1067,360.26,260
2188,360.25,261
276,360.25,262
1477,360.16,263
2603,360.09,264
737,359.93,265
37,359.73,266
2279,359.66,267
1084,359.65,268
169,359.52,269
1752,359.37,270
1748,359.33,271
1770,359.30,272
2018,359.29,273
1912,359.24,274
602,359.20,275
2462,358.96,276
820,358.86,277
3248,358.80,278
2305,358.75,279
2874,358.73,280
2015,358.64,281
51,358.62,282
3373,358.51,283
1011,358.46,284
146,358.34,285
2033,358.32,286
2136,358.24,287
1315,358.23,288
1045,358.20,289
1934,358.18,290
3036,358.12,291
2978,358.05,292
2505,357.92,293
3176,357.84,294
2341,357.81,295
524,357.76,296
1689,357.68,297
2940,357.63,298
1854,357.63,299
1414,357.47,300
1306,357.44,301
3327,357.41,302
2580,357.24,303
2272,357.19,304
2932,356.96,305
3226,356.92,306
2247,356.91,307
2249,356.86,308
507,356.80,309
1792,356.76,310
2652,356.58,311
3013,356.45,312
1717,356.35,313
875,356.34,314
1232,356.33,315
2458,356.30,316
833,356.29,317
1867,356.23,318
1796,356.02,319
1922,355.99,320
141,355.97,321
2894,355.66,322
433,355.56,323
2796,355.55,324
711,355.51,325
1692,355.42,326
559,355.37,327
2489,355.27,328
3278,355.19,329
231,355.02,330
2584,354.91,331
131,354.83,332
1452,354.55,333
2558,354.50,334
3497,354.47,335
792,354.30,336
320,354.28,337
2702,354.27,338
353,354.24,339
3422,354.10,340
485,354.05,341
725,353.96,342
1853,353.95,343
576,353.93,344
410,353.84,345
1464,353.83,346
384,353.82,347
3054,353.78,348
891,353.71,349
305,353.62,350
3159,353.55,351
1832,353.30,352
1171,353.23,353
1433,353.14,354
3067,353.01,355
71,352.95,356
3463,352.86,357
299,352.63,358
3141,352.62,359
1560,352.55,360
1297,352.54,361
1432,352.47,362
2131,352.30,363
1850,352.29,364
2124,352.29,365
1872,352.22,366
1404,352.01,367
1328,351.85,368
1580,351.76,369
2471,351.76,370
235,351.72,371
1364,351.72,372
2490,351.71,373
1602,351.62,374
996,351.39,375
3391,351.13,376
414,351.11,377
1881,351.10,378
2555,350.88,379
1982,350.82,380
1107,350.76,381
1458,350.63,382
806,350.61,383
1884,350.27,384
2301,350.16,385
2365,350.04,386
2719,349.95,387
3496,349.93,388
1415,349.89,389
880,349.79,390
2656,349.71,391
2159,349.55,392
978,349.48,393
1556,349.43,394
3418,349.15,395
2339,349.02,396
2138,348.91,397
1422,348.84,398
2516,348.75,399
72,348.74,400
3020,348.30,401
2706,348.16,402
3469,348.10,403
3492,347.80,404
584,347.72,405
3364,347.59,406
3042,347.45,407
2948,347.31,408
1241,347.30,409
2171,347.22,410
1220,347.10,411
1382,347.10,412
1118,346.94,413
1964,346.86,414
1341,346.80,415
2778,346.79,416
78,346.64,417
651,346.52,418
623,346.49,419
374,346.40,420
147,346.38,421
2415,346.36,422
1488,346.28,423
1363,346.23,424
3108,346.15,425
152,346.05,426
3014,345.99,427
2663,345.82,428
3088,345.71,429
2368,345.66,430
2779,345.59,431
1816,345.44,432
2170,345.31,433
621,345.28,434
3179,345.24,435
1861,345.17,436
1304,345.17,437
1531,345.15,438
322,345.10,439
451,345.08,440
62,344.93,441
2162,344.88,442
3426,344.80,443
892,344.68,444
2344,344.44,445
1923,344.41,446
176,344.20,447
2506,344.19,448
2879,344.19,449
2741,344.15,450
2363,344.10,451
2553,344.09,452
194,344.09,453
1014,343.91,454
3122,343.88,455
710,343.75,456
2591,343.61,457
702,343.58,458
2972,343.46,459
3320,343.31,460
3399,343.30,461
1102,343.18,462
2034,343.18,463
3043,343.14,464
771,343.10,465
1529,343.07,466
196,342.97,467
2141,342.79,468
2112,342.76,469
2231,342.63,470
2253,342.58,471
3360,342.48,472
2172,342.39,473
1822,342.39,474
2069,342.27,475
376,342.19,476
1140,342.17,477
1605,342.05,478
102,342.02,479
2479,341.92,480
308,341.80,481
2944,341.78,482
1990,341.75,483
1438,341.74,484
814,341.62,485
778,341.51,486
267,341.50,487
2378,341.47,488
3076,341.36,489
2541,341.35,490
1789,341.14,491
1057,341.13,492
1261,340.96,493
2544,340.96,494
1164,340.96,495
2205,340.89,496
2022,340.86,497
1535,340.72,498
1055,340.69,499
1687,340.56,500
1435,340.31,501
2999,340.22,502
404,340.19,503
3415,340.17,504
1251,340.10,505
2504,340.06,506
345,340.04,507
3187,339.95,508
2868,339.94,509
2687,339.82,510
3005,339.65,511
1590,339.58,512
549,339.54,513
1709,339.47,514
270,339.43,515
1976,339.39,516
3030,339.18,517
2952,339.11,518
663,338.96,519
858,338.93,520
3304,338.86,521
2954,338.86,522
3375,338.86,523
1604,338.79,524
2813,338.74,525
2651,338.49,526
2097,338.38,527
2161,338.36,528
2288,338.23,529
492,338.11,530
1365,337.93,531
3308,337.92,532
1561,337.89,533
1134,337.89,534
634,337.68,535
3355,337.62,536
2191,337.62,537
2243,337.52,538
170,337.48,539
2090,337.37,540
995,337.36,541
1670,337.32,542
1609,337.30,543
2484,337.19,544
1723,337.10,545
1206,337.06,546
1785,337.05,547
517,337.04,548
531,337.03,549
505,337.00,550
2902,337.00,551
1593,336.93,552
27,336.90,553
165,336.75,554
1566,336.75,555
183,336.72,556
1656,336.56,557
3125,336.47,558
257,336.47,559
1841,336.44,560
119,336.35,561
1342,336.35,562
3243,336.32,563
86,336.27,564
2859,336.26,565
2362,336.23,566
533,336.22,567
15,336.19,568
635,336.16,569
3157,336.14,570
2893,336.11,571
2566,336.05,572
2345,336.03,573
733,335.92,574
1052,335.91,575
2861,335.86,576
3006,335.80,577
2425,335.77,578
950,335.69,579
2997,335.56,580
3146,335.52,581
613,335.45,582
982,335.31,583
1129,335.28,584
177,335.28,585
1157,335.27,586
1666,335.20,587
799,335.16,588
571,335.13,589
3411,335.08,590
3079,334.99,591
1827,334.97,592
1016,334.95,593
1655,334.91,594
3239,334.85,595
1708,334.83,596
2256,334.83,597
466,334.80,598
542,334.79,599
2725,334.74,600
213,334.67,601
2038,334.67,602
563,334.64,603
2922,334.62,604
3170,334.60,605
649,334.49,606
56,334.45,607
844,334.44,608
2901,334.39,609
2375,334.35,610
1781,334.27,611
2054,334.24,612
1032,334.18,613
3290,334.17,614
2633,334.15,615
885,334.10,616
294,334.07,617
1231,334.05,618
85,334.00,619
3499,333.99,620
2750,333.98,621
3318,333.96,622
1646,333.95,623
3092,333.93,624
1205,333.92,625
1981,333.89,626
17,333.79,627
2679,333.75,628
2438,333.73,629
2153,333.72,630
1603,333.70,631
1573,333.43,632
2918,333.34,633
1242,333.26,634
824,333.21,635
1392,333.18,636
3407,333.17,637
274,333.17,638
159,333.16,639
745,333.15,640
3461,333.10,641
123,333.05,642
2772,333.01,643
2881,332.99,644
657,332.90,645
1545,332.90,646
2749,332.87,647
599,332.84,648
646,332.81,649
1184,332.75,650
94,332.73,651
1461,332.66,652
2986,332.61,653
1836,332.60,654
2116,332.54,655
1265,332.53,656
2691,332.53,657
3213,332.53,658
1069,332.51,659
3199,332.47,660
3208,332.45,661
1823,332.28,662
2720,332.25,663
2661,332.23,664
2646,332.21,665
3325,332.15,666
1215,332.10,667
2981,332.08,668
2888,332.07,669
2173,332.00,670
2402,331.98,671
2377,331.95,672
2919,331.94,673
815,331.93,674
1291,331.87,675
486,331.49,676
263,331.35,677
203,331.28,678
2246,331.02,679
2293,331.01,680
2037,330.99,681
5,330.98,682
1569,330.92,683
350,330.92,684
2118,330.91,685
1225,330.86,686
3337,330.74,687
990,330.69,688
2606,330.67,689
3000,330.62,690
1230,330.60,691
2538,330.53,692
2753,330.52,693
3466,330.46,694
2466,330.44,695
1559,330.41,696
848,330.39,697
2869,330.35,698
2570,330.32,699
838,330.29,700
12,330.27,701
3260,330.24,702
930,330.21,703
1636,330.20,704
2979,330.17,705
715,330.12,706
36,330.08,707
416,330.06,708
244,330.00,709
2424,329.95,710
2710,329.89,711
1298,329.84,712
103,329.76,713
3342,329.74,714
3404,329.74,715
1549,329.65,716
2708,329.60,717
719,329.57,718
3269,329.54,719
2370,329.53,720
526,329.49,721
45,329.48,722
355,329.46,723
1688,329.42,724
1686,329.36,725
1312,329.34,726
1973,329.29,727
522,329.26,728
2896,329.24,729
1384,329.14,730
1144,329.13,731
432,329.12,732
2412,329.11,733
264,329.08,734
546,329.00,735
3255,328.90,736
2297,328.86,737
467,328.65,738
3127,328.55,739
1538,328.48,740
1059,328.45,741
3421,328.43,742
935,328.34,743
551,328.30,744
580,328.27,745
2775,328.26,746
588,328.25,747
1425,328.23,748
2221,328.22,749
3218,328.16,750
2261,328.13,751
1480,328.06,752
624,327.98,753
445,327.94,754
2683,327.89,755
2814,327.85,756
873,327.71,757
3424,327.66,758
2473,327.57,759
817,327.54,760
963,327.44,761
243,327.32,762
2454,327.30,763
1024,327.29,764
3152,327.23,765
915,327.14,766
1165,327.07,767
3434,327.02,768
606,327.01,769
827,326.97,770
900,326.96,771
2929,326.81,772
980,326.79,773
2672,326.71,774
1945,326.64,775
2150,326.55,776
40,326.52,777
333,326.52,778
1938,326.52,779
1654,326.35,780
2675,326.33,781
2897,326.21,782
1482,326.17,783
2517,326.17,784
3456,326.17,785
2884,326.03,786
2846,325.96,787
1179,325.94,788
298,325.91,789
1176,325.84,790
1911,325.81,791
2797,325.63,792
2002,325.56,793
3110,325.52,794
1044,325.48,795
1163,325.47,796
3011,325.44,797
1806,325.37,798
789,325.37,799
382,325.29,800
647,325.28,801
1710,325.21,802
2121,325.00,803
2985,324.97,804
2502,324.95,805
190,324.93,806
1093,324.82,807
2460,324.68,808
114,324.61,809
2337,324.51,810
1158,324.50,811
3271,324.47,812
2324,324.43,813
3026,324.38,814
2604,324.37,815
2392,324.35,816
2525,324.29,817
1947,324.15,818
2621,324.05,819
866,324.00,820
3128,323.91,821
319,323.90,822
2210,323.81,823
3107,323.63,824
808,323.63,825
3051,323.60,826
513,323.58,827
1571,323.47,828
471,323.34,829
129,323.23,830
3441,323.15,831
2017,322.99,832
773,322.94,833
2534,322.76,834
2006,322.71,835
164,322.67,836
1229,322.59,837
595,322.58,838
366,322.43,839
1932,322.42,840
1295,322.12,841
2032,322.12,842
2776,322.11,843
1413,322.04,844
2803,321.98,845
1979,321.84,846
3359,321.81,847
2614,321.78,848
561,321.70,849
2838,321.61,850
1400,321.55,851
2989,321.46,852
1671,321.38,853
836,321.37,854
2808,321.32,855
1202,321.30,856
3010,321.18,857
1740,321.11,858
1288,320.94,859
1412,320.91,860
2185,320.71,861
1826,320.69,862
607,320.61,863
292,320.57,864
2441,320.56,865
2000,320.51,866
1314,320.49,867
1860,320.41,868
2259,320.40,869
295,320.36,870
974,320.28,871
1701,320.27,872
3416,320.25,873
2898,320.21,874
587,320.18,875
63,320.08,876
3298,320.08,877
1123,320.07,878
1690,320.05,879
2348,319.96,880
1145,319.95,881
2303,319.88,882
197,319.84,883
1856,319.82,884
3287,319.79,885
2242,319.69,886
2099,319.69,887
1707,319.68,888
3371,319.66,889
1845,319.61,890
405,319.60,891
653,319.59,892
2984,319.57,893
1712,319.51,894
2885,319.41,895
2434,319.38,896
1138,319.29,897
3408,319.29,898
1903,319.20,899
2539,318.92,900
1070,318.91,901
2519,318.88,902
2840,318.79,903
755,318.77,904
553,318.68,905
2451,318.65,906
360,318.60,907
1019,318.56,908
630,318.55,909
3268,318.46,910
585,318.46,911
1626,318.43,912
680,318.40,913
1677,318.34,914
338,318.32,915
318,318.28,916
3166,318.27,917
2511,318.25,918
1984,318.21,919
1189,318.17,920
370,318.16,921
818,318.16,922
2731,318.16,923
3101,318.15,924
1182,318.08,925
324,318.04,926
349,318.01,927
245,317.95,928
487,317.94,929
656,317.93,930
3370,317.88,931
3130,317.88,932
101,317.77,933
138,317.71,934
2255,317.68,935
232,317.67,936
798,317.66,937
2514,317.59,938
2851,317.50,939
88,317.49,940
2306,317.42,941
2598,317.37,942
2026,317.33,943
2507,317.30,944
1905,317.28,945
2602,317.16,946
2587,317.15,947
2128,317.12,948
1502,317.12,949
107,317.09,950
2423,317.07,951
3256,317.06,952
1023,316.97,953
594,316.95,954
3401,316.87,955
3068,316.84,956
3206,316.76,957
3142,316.75,958
2660,316.72,959
1515,316.69,960
1370,316.68,961
1396,316.67,962
1259,316.60,963
1606,316.56,964
780,316.48,965
2835,316.47,966
1589,316.46,967
1883,316.43,968
2053,316.37,969
841,316.35,970
1321,316.35,971
1313,316.35,972
751,316.29,973
3008,316.28,974
1914,316.23,975
2100,316.22,976
1657,316.17,977
3048,316.12,978
1591,316.08,979
1173,316.04,980
1340,316.04,981
343,316.00,982
861,315.99,983
979,315.98,984
2145,315.87,985
55,315.80,986
598,315.79,987
2811,315.76,988
3035,315.74,989
2900,315.74,990
2239,315.73,991
976,315.63,992
3200,315.63,993
2057,315.60,994
3100,315.59,995
2143,315.55,996
1228,315.51,997
2213,315.47,998
2399,315.47,999
3016,315.46,1000
2133,315.45,1001
1348,315.37,1002
2186,315.30,1003
2361,315.30,1004
2126,315.27,1005
1734,315.27,1006
30,315.25,1007
3296,315.19,1008
1212,315.14,1009
2774,315.07,1010
2040,314.99,1011
3021,314.98,1012
3339,314.83,1013
2349,314.80,1014
1946,314.78,1015
3300,314.73,1016
3063,314.68,1017
3009,314.67,1018
1034,314.65,1019
1495,314.55,1020
336,314.54,1021
1060,314.52,1022
2610,314.49,1023
2475,314.48,1024
966,314.46,1025
2567,314.45,1026
1380,314.36,1027
1147,314.34,1028
2619,314.30,1029
1333,314.29,1030
1143,314.20,1031
3458,314.18,1032
321,314.17,1033
272,314.11,1034
2447,314.06,1035
367,314.01,1036
2782,313.98,1037
145,313.90,1038
3217,313.90,1039
2914,313.86,1040
2712,313.85,1041
1330,313.84,1042
2175,313.83,1043
1985,313.83,1044
686,313.81,1045
142,313.81,1046
2649,313.79,1047
2369,313.75,1048
2920,313.67,1049
2665,313.65,1050
937,313.58,1051
2763,313.57,1052
784,313.55,1053
1834,313.53,1054
1337,313.44,1055
2066,313.38,1056
237,313.34,1057
2252,313.30,1058
2091,313.28,1059
251,313.23,1060
828,313.18,1061
2214,313.16,1062
1539,313.16,1063
2238,313.10,1064
3094,312.98,1065
3495,312.96,1066
1761,312.94,1067
1317,312.90,1068
1236,312.89,1069
1245,312.82,1070
1631,312.80,1071
2494,312.73,1072
2696,312.72,1073
2483,312.71,1074
279,312.69,1075
2618,312.68,1076
867,312.62,1077
2151,312.50,1078
705,312.45,1079
1360,312.44,1080
1029,312.43,1081
2051,312.41,1082
2165,312.38,1083
1978,312.37,1084
3467,312.37,1085
2077,312.32,1086
1849,312.29,1087
348,312.25,1088
2085,312.24,1089
744,312.22,1090
926,312.14,1091
1939,312.11,1092
204,312.08,1093
1532,312.06,1094
43,312.06,1095
1504,312.03,1096
3323,311.97,1097
2768,311.97,1098
3156,311.96,1099
2027,311.91,1100
3190,311.87,1101
2515,311.86,1102
2394,311.81,1103
988,311.80,1104
1784,311.78,1105
1544,311.74,1106
3431,311.73,1107
2937,311.71,1108
2258,311.70,1109
530,311.67,1110
234,311.63,1111
2472,311.60,1112
1877,311.58,1113
3205,311.53,1114
1596,311.49,1115
1004,311.48,1116
2166,311.45,1117
223,311.43,1118
465,311.42,1119
1033,311.42,1120
1942,311.32,1121
1731,311.32,1122
289,311.30,1123
2024,311.25,1124
541,311.18,1125
1678,311.13,1126
2977,311.12,1127
2582,311.12,1128
2980,311.05,1129
256,311.01,1130
3447,310.96,1131
878,310.93,1132
1082,310.84,1133
1583,310.77,1134
23,310.75,1135
1509,310.73,1136
2820,310.71,1137
117,310.69,1138
985,310.68,1139
497,310.64,1140
2220,310.60,1141
2271,310.54,1142
2612,310.54,1143
2662,310.52,1144
665,310.51,1145
2860,310.49,1146
2358,310.47,1147
698,310.45,1148
3453,310.45,1149
2637,310.45,1150
2388,310.44,1151
632,310.44,1152
1812,310.33,1153
1950,310.32,1154
2070,310.26,1155
1040,310.25,1156
2268,310.23,1157
2078,310.19,1158
2524,310.17,1159
1490,310.15,1160
1952,310.04,1161
2008,309.99,1162
3237,309.91,1163
1269,309.90,1164
920,309.89,1165
3379,309.88,1166
1500,309.86,1167
2351,309.86,1168
944,309.77,1169
96,309.77,1170
3440,309.74,1171
3131,309.72,1172
3132,309.71,1173
1617,309.71,1174
2923,309.67,1175
787,309.65,1176
1546,309.64,1177
2192,309.64,1178
3224,309.61,1179
187,309.58,1180
846,309.57,1181
3167,309.56,1182
644,309.56,1183
1674,309.53,1184
1491,309.52,1185
2557,309.50,1186
1063,309.49,1187
3244,309.49,1188
327,309.44,1189
459,309.37,1190
1537,309.35,1191
1906,309.28,1192
1754,309.28,1193
2891,309.25,1194
1053,309.25,1195
2182,309.24,1196
1613,309.22,1197
2635,309.21,1198
1389,309.15,1199
2890,309.13,1200
2196,309.09,1201
3334,309.04,1202
1137,309.03,1203
1075,308.96,1204
2866,308.96,1205
1066,308.95,1206
339,308.94,1207
1466,308.82,1208
1857,308.77,1209
1336,308.76,1210
1965,308.73,1211
3363,308.72,1212
2682,308.72,1213
1308,308.68,1214
1962,308.64,1215
871,308.59,1216
3419,308.54,1217
1693,308.49,1218
1431,308.46,1219
2647,308.40,1220
1696,308.36,1221
3476,308.34,1222
423,308.31,1223
2050,308.26,1224
3319,308.18,1225
2677,308.11,1226
1766,308.07,1227
2081,308.05,1228
939,307.87,1229
1472,307.85,1230
2360,307.82,1231
3249,307.76,1232
618,307.75,1233
1743,307.75,1234
3070,307.73,1235
3251,307.67,1236
2947,307.63,1237
3288,307.61,1238
860,307.58,1239
3118,307.57,1240
1943,307.57,1241
2181,307.54,1242
1721,307.46,1243
397,307.45,1244
510,307.45,1245
1540,307.42,1246
750,307.41,1247
35,307.35,1248
2853,307.30,1249
2449,307.18,1250
3307,307.18,1251
2532,307.14,1252
1199,307.13,1253
3484,307.10,1254
3154,307.05,1255
2906,307.03,1256
224,307.02,1257
1459,306.98,1258
660,306.96,1259
3044,306.94,1260
311,306.90,1261
403,306.87,1262
3171,306.81,1263
1008,306.68,1264
1917,306.67,1265
3209,306.67,1266
2842,306.64,1267
999,306.63,1268
3385,306.56,1269
2911,306.55,1270
2390,306.49,1271
304,306.48,1272
1335,306.47,1273
3215,306.40,1274
406,306.36,1275
212,306.35,1276
3074,306.34,1277
2654,306.20,1278
1108,306.14,1279
3168,306.10,1280
2397,306.05,1281
1219,306.02,1282
1195,305.94,1283
3403,305.94,1284
211,305.92,1285
417,305.88,1286
2770,305.84,1287
929,305.77,1288
2852,305.77,1289
700,305.67,1290
1907,305.65,1291
3277,305.62,1292
696,305.60,1293
908,305.55,1294
149,305.53,1295
2559,305.43,1296
2939,305.37,1297
2697,305.32,1298
1774,305.25,1299
2824,305.22,1300
2955,305.21,1301
1096,305.13,1302
1547,305.09,1303
1683,305.05,1304
2012,305.04,1305
1642,305.02,1306
2638,305.01,1307
3423,304.99,1308
3241,304.96,1309
1428,304.88,1310
1926,304.80,1311
2596,304.74,1312
2599,304.68,1313
1185,304.64,1314
3333,304.56,1315
3090,304.54,1316
690,304.53,1317
2966,304.51,1318
1183,304.50,1319
3282,304.47,1320
1954,304.45,1321
1426,304.44,1322
3177,304.42,1323
1267,304.40,1324
2990,304.33,1325
3112,304.28,1326
1879,304.23,1327
2088,304.21,1328
572,304.17,1329
2450,304.15,1330
2184,304.11,1331
3446,304.07,1332
1151,304.07,1333
706,303.97,1334
1166,303.95,1335
68,303.86,1336
1399,303.85,1337
1038,303.84,1338
2319,303.84,1339
163,303.83,1340
3400,303.82,1341
464,303.67,1342
1635,303.60,1343
1672,303.57,1344
2316,303.54,1345
884,303.45,1346
3082,303.42,1347
3376,303.36,1348
783,303.33,1349
616,303.31,1350
3264,303.29,1351
3442,303.28,1352
917,303.19,1353
2554,303.18,1354
1759,303.02,1355
46,302.98,1356
626,302.95,1357
2010,302.91,1358
2063,302.89,1359
285,302.83,1360
1720,302.80,1361
2233,302.75,1362
2291,302.75,1363
1339,302.71,1364
955,302.71,1365
3024,302.71,1366
111,302.64,1367
427,302.58,1368
971,302.56,1369
2856,302.48,1370
437,302.34,1371
1346,302.24,1372
1669,302.10,1373
2951,302.09,1374
1682,302.01,1375
2167,301.86,1376
1673,301.82,1377
2381,301.72,1378
540,301.65,1379
241,301.53,1380
120,301.22,1381
1421,301.15,1382
1252,301.10,1383
2746,301.02,1384
310,301.01,1385
1135,301.00,1386
850,300.96,1387
2158,300.90,1388
611,300.88,1389
385,300.82,1390
1254,300.74,1391
3414,300.57,1392
2229,300.54,1393
1496,300.50,1394
2265,300.41,1395
3164,300.39,1396
2277,300.38,1397
1156,300.38,1398
2314,300.34,1399
538,300.11,1400
2812,300.06,1401
3111,300.01,1402
804,299.92,1403
738,299.89,1404
3435,299.89,1405
2107,299.84,1406
275,299.83,1407
2109,299.78,1408
1868,299.74,1409
473,299.61,1410
1777,299.55,1411
2576,299.54,1412
1478,299.53,1413
2758,299.42,1414
1372,299.40,1415
2463,299.36,1416
2260,299.25,1417
2657,299.22,1418
3121,299.20,1419
1783,298.97,1420
1804,298.95,1421
2597,298.93,1422
1839,298.93,1423
2976,298.93,1424
3172,298.90,1425
3145,298.89,1426
48,298.88,1427
1732,298.88,1428
1645,298.73,1429
2605,298.73,1430
1246,298.68,1431
3390,298.65,1432
1675,298.65,1433
525,298.60,1434
2698,298.59,1435
2771,298.58,1436
1270,298.37,1437
681,298.33,1438
2009,298.31,1439
2913,298.28,1440
3429,298.27,1441
2623,298.24,1442
168,298.21,1443
1031,298.16,1444
2382,298.06,1445
1110,298.04,1446
479,298.03,1447
712,297.99,1448
2589,297.97,1449
1949,297.97,1450
230,297.96,1451
2526,297.91,1452
2103,297.89,1453
3491,297.83,1454
462,297.81,1455
1007,297.74,1456
1368,297.72,1457
1790,297.72,1458
1455,297.69,1459
2496,297.69,1460
2850,297.64,1461
2488,297.62,1462
748,297.59,1463
708,297.57,1464
645,297.55,1465
2235,297.39,1466
859,297.36,1467
3378,297.32,1468
640,297.25,1469
38,297.23,1470
3272,297.19,1471
2899,297.18,1472
3341,297.02,1473
2967,297.01,1474
1056,297.00,1475
1871,296.88,1476
287,296.83,1477
1416,296.76,1478
491,296.75,1479
1188,296.75,1480
652,296.73,1481
2092,296.73,1482
1177,296.72,1483
1221,296.71,1484
1648,296.71,1485
301,296.59,1486
1769,296.47,1487
1526,296.43,1488
323,296.40,1489
351,296.36,1490
732,296.31,1491
3150,296.26,1492
2699,296.23,1493
2711,296.22,1494
3210,296.12,1495
1930,296.10,1496
250,296.04,1497
1354,295.91,1498
2724,295.89,1499
2831,295.88,1500
1966,295.88,1501
731,295.87,1502
1739,295.86,1503
3162,295.86,1504
3148,295.82,1505
135,295.81,1506
747,295.80,1507
1487,295.76,1508
3104,295.76,1509
3351,295.69,1510
1289,295.65,1511
354,295.64,1512
2673,295.61,1513
394,295.58,1514
1793,295.58,1515
1025,295.57,1516
1092,295.57,1517
1303,295.46,1518
1224,295.46,1519
2482,295.45,1520
1501,295.40,1521
2875,295.32,1522
10,295.30,1523
2187,295.30,1524
2574,295.27,1525
358,295.27,1526
1794,295.26,1527
965,295.24,1528
3034,295.21,1529
1505,295.20,1530
3331,295.18,1531
3160,295.15,1532
2510,295.12,1533
2669,295.07,1534
1462,295.05,1535
721,294.99,1536
3498,294.99,1537
2209,294.98,1538
763,294.98,1539
1744,294.97,1540
1995,294.94,1541
2075,294.83,1542
2693,294.80,1543
1420,294.73,1544
2055,294.70,1545
709,294.69,1546
1332,294.67,1547
216,294.65,1548
2595,294.63,1549
3191,294.63,1550
2114,294.61,1551
498,294.61,1552
326,294.61,1553
1722,294.58,1554
2431,294.54,1555
1506,294.42,1556
1442,294.35,1557
3049,294.33,1558
847,294.31,1559
2600,294.31,1560
3124,294.30,1561
1514,294.26,1562
424,294.26,1563
3072,294.16,1564
3259,294.15,1565
2420,294.14,1566
3362,294.14,1567
3084,294.11,1568
766,294.08,1569
475,294.06,1570
501,294.06,1571
1329,294.03,1572
1711,294.03,1573
312,293.98,1574
3238,293.97,1575
14,293.96,1576
2857,293.94,1577
2624,293.93,1578
2593,293.87,1579
313,293.86,1580
1194,293.84,1581
2953,293.83,1582
3338,293.79,1583
3129,293.78,1584
1371,293.76,1585
2387,293.72,1586
3185,293.71,1587
3037,293.69,1588
1865,293.69,1589
1918,293.66,1590
1813,293.65,1591
786,293.59,1592
1614,293.59,1593
2428,293.57,1594
2169,293.54,1595
1659,293.50,1596
441,293.50,1597
3216,293.44,1598
2308,293.42,1599
1447,293.40,1600
268,293.36,1601
605,293.34,1602
1685,293.34,1603
2780,293.32,1604
910,293.22,1605
3265,293.22,1606
1997,293.20,1607
913,293.18,1608
2730,293.16,1609
2996,293.13,1610
22,293.12,1611
675,293.10,1612
2044,293.06,1613
1027,293.05,1614
1361,293.04,1615
1989,292.98,1616
288,292.97,1617
2625,292.95,1618
964,292.93,1619
972,292.91,1620
143,292.91,1621
2411,292.90,1622
2726,292.88,1623
3427,292.85,1624
228,292.80,1625
2152,292.77,1626
3202,292.76,1627
3198,292.76,1628
957,292.73,1629
3273,292.72,1630
907,292.70,1631
2336,292.63,1632
3178,292.62,1633
1586,292.61,1634
609,292.57,1635
3380,292.55,1636
73,292.50,1637
809,292.47,1638
2535,292.47,1639
2461,292.46,1640
1204,292.44,1641
2832,292.44,1642
1513,292.38,1643
2877,292.38,1644
1623,292.27,1645
1755,292.26,1646
1587,292.25,1647
1920,292.23,1648
265,292.23,1649
2833,292.18,1650
3139,292.18,1651
3428,292.15,1652
1698,292.13,1653
911,292.08,1654
2244,292.08,1655
947,291.98,1656
2653,291.97,1657
1522,291.91,1658
718,291.91,1659
661,291.88,1660
1702,291.86,1661
2626,291.85,1662
2988,291.79,1663
2690,291.76,1664
126,291.73,1665
1005,291.73,1666
2568,291.66,1667
3057,291.64,1668
2825,291.64,1669
2607,291.62,1670
1563,291.59,1671
724,291.54,1672
2001,291.49,1673
1450,291.42,1674
3293,291.37,1675
743,291.36,1676
1552,291.35,1677
2801,291.34,1678
1127,291.31,1679
1036,291.31,1680
166,291.30,1681
735,291.30,1682
2528,291.27,1683
3397,291.26,1684
189,291.26,1685
482,291.24,1686
271,291.24,1687
3001,291.23,1688
3123,291.21,1689
6,291.19,1690
236,291.17,1691
679,291.17,1692
2179,291.17,1693
2407,291.14,1694
434,291.11,1695
2178,291.08,1696
493,291.07,1697
2790,291.04,1698
242,291.02,1699
1026,291.02,1700
2703,290.96,1701
577,290.95,1702
1815,290.92,1703
79,290.89,1704
1767,290.84,1705
1585,290.84,1706
1094,290.83,1707
2592,290.77,1708
1639,290.71,1709
2058,290.70,1710
960,290.65,1711
2798,290.65,1712
1407,290.65,1713
3289,290.62,1714
2011,290.58,1715
3029,290.57,1716
3080,290.56,1717
1088,290.56,1718
1113,290.46,1719
3386,290.45,1720
728,290.45,1721
1691,290.44,1722
2548,290.37,1723
896,290.30,1724
3077,290.22,1725
1738,290.21,1726
1227,290.18,1727
2844,290.18,1728
2739,290.15,1729
2826,290.11,1730
2120,290.11,1731
2384,290.09,1732
2836,290.09,1733
2678,290.09,1734
2200,290.08,1735
2218,290.05,1736
2829,290.03,1737
3305,290.02,1738
1779,289.98,1739
3412,289.97,1740
1142,289.95,1741
57,289.94,1742
897,289.92,1743
335,289.83,1744
1643,289.77,1745
2414,289.74,1746
1410,289.69,1747
1449,289.62,1748
1541,289.56,1749
47,289.56,1750
793,289.52,1751
1565,289.49,1752
723,289.46,1753
1887,289.45,1754
3295,289.43,1755
722,289.40,1756
3383,289.37,1757
1716,289.37,1758
3134,289.33,1759
581,289.24,1760
977,289.24,1761
2733,289.22,1762
2267,289.16,1763
823,289.15,1764
468,289.14,1765
3102,289.09,1766
380,289.06,1767
881,289.03,1768
1724,288.95,1769
1916,288.84,1770
3489,288.80,1771
1454,288.78,1772
1679,288.78,1773
3368,288.76,1774
1757,288.73,1775
864,288.71,1776
3182,288.67,1777
2752,288.66,1778
1222,288.66,1779
1017,288.56,1780
1105,288.54,1781
1668,288.53,1782
1200,288.52,1783
887,288.50,1784
173,288.48,1785
3004,288.42,1786
1079,288.41,1787
2509,288.38,1788
612,288.35,1789
931,288.26,1790
2766,288.26,1791
2329,288.26,1792
614,288.25,1793
622,288.23,1794
2352,288.23,1795
3246,288.22,1796
3374,288.18,1797
182,288.14,1798
1483,288.04,1799
1833,287.96,1800
3448,287.95,1801
2419,287.94,1802
1301,287.93,1803
192,287.70,1804
2254,287.65,1805
480,287.47,1806
3023,287.46,1807
1525,287.36,1808
1003,287.35,1809
1953,287.35,1810
2998,287.29,1811
2322,287.23,1812
1846,287.19,1813
155,287.17,1814
1393,287.14,1815
3398,287.07,1816
1773,287.07,1817
32,287.04,1818
758,287.03,1819
2104,287.03,1820
61,287.01,1821
2823,286.96,1822
1574,286.85,1823
2694,286.74,1824
886,286.70,1825
1062,286.69,1826
1475,286.67,1827
1479,286.67,1828
1622,286.58,1829
1468,286.55,1830
1944,286.55,1831
901,286.54,1832
436,286.52,1833
3144,286.52,1834
2727,286.50,1835
3056,286.47,1836
1737,286.46,1837
3311,286.44,1838
21,286.42,1839
512,286.39,1840
1694,286.35,1841
3314,286.25,1842
2949,286.16,1843
1320,286.14,1844
973,286.13,1845
373,286.11,1846
133,286.09,1847
610,286.08,1848
3317,286.06,1849
31,286.05,1850
568,286.03,1851
2093,285.96,1852
1557,285.96,1853
2074,285.88,1854
560,285.84,1855
3007,285.81,1856
2391,285.79,1857
2084,285.75,1858
1181,285.69,1859
2744,285.66,1860
1959,285.65,1861
2086,285.65,1862
566,285.64,1863
3105,285.56,1864
2061,285.54,1865
59,285.54,1866
460,285.53,1867
1476,285.45,1868
673,285.40,1869
862,285.37,1870
1122,285.35,1871
2028,285.33,1872
300,285.33,1873
2207,285.26,1874
2129,285.25,1875
1715,285.18,1876
2668,285.17,1877
2498,285.17,1878
1699,285.13,1879
2406,285.07,1880
2843,285.03,1881
3147,285.00,1882
3189,284.91,1883
2745,284.90,1884
2115,284.90,1885
668,284.88,1886
3062,284.87,1887
3372,284.86,1888
393,284.86,1889
116,284.77,1890
2486,284.74,1891
1109,284.64,1892
1030,284.57,1893
2934,284.56,1894
1323,284.53,1895
3309,284.46,1896
2684,284.45,1897
899,284.44,1898
1048,284.41,1899
1751,284.39,1900
3012,284.35,1901
883,284.35,1902
1780,284.23,1903
2991,284.16,1904
2715,284.12,1905
2320,284.11,1906
993,284.07,1907
2769,284.07,1908
734,284.00,1909
162,283.98,1910
3060,283.95,1911
455,283.95,1912
3472,283.94,1913
469,283.92,1914
2468,283.88,1915
69,283.83,1916
2478,283.78,1917
3357,283.72,1918
557,283.66,1919
253,283.62,1920
2670,283.51,1921
246,283.51,1922
688,283.49,1923
2154,283.49,1924
863,283.48,1925
19,283.45,1926
729,283.45,1927
2713,283.36,1928
954,283.34,1929
1198,283.31,1930
3353,283.30,1931
2965,283.29,1932
2089,283.23,1933
387,283.20,1934
258,283.17,1935
3017,283.11,1936
1125,283.07,1937
329,283.04,1938
3140,283.04,1939
1957,283.04,1940
558,282.95,1941
2230,282.83,1942
1283,282.76,1943
1746,282.76,1944
1616,282.73,1945
157,282.71,1946
2047,282.67,1947
983,282.62,1948
1528,282.61,1949
3345,282.58,1950
1925,282.55,1951
2421,282.44,1952
1039,282.43,1953
1311,282.43,1954
3473,282.42,1955
342,282.41,1956
97,282.40,1957
948,282.34,1958
2232,282.32,1959
2295,282.30,1960
1931,282.30,1961
1087,282.29,1962
946,282.26,1963
2457,282.15,1964
922,282.15,1965
1637,282.08,1966
207,282.06,1967
1216,281.98,1968
2916,281.98,1969
3283,281.96,1970
785,281.93,1971
3270,281.84,1972
309,281.83,1973
2134,281.81,1974
3449,281.80,1975
1018,281.71,1976
1244,281.65,1977
2503,281.58,1978
1880,281.54,1979
29,281.53,1980
2735,281.35,1981
428,281.34,1982
714,281.31,1983
283,281.26,1984
1197,281.22,1985
1271,281.22,1986
1264,281.19,1987
364,281.15,1988
1830,281.13,1989
2228,281.04,1990
174,280.94,1991
2734,280.92,1992
87,280.87,1993
444,280.87,1994
2522,280.79,1995
529,280.70,1996
1913,280.64,1997
1886,280.62,1998
2994,280.38,1999
1486,280.35,2000
2493,280.23,2001
802,280.18,2002
450,280.15,2003
805,280.13,2004
1172,280.12,2005
1374,280.06,2006
2863,280.03,2007
2459,280.01,2008
3377,279.91,2009
3487,279.85,2010
2073,279.77,2011
2707,279.70,2012
67,279.67,2013
3471,279.57,2014
3135,279.54,2015
3069,279.52,2016
1829,279.45,2017
3284,279.45,2018
2590,279.39,2019
869,279.28,2020
1132,279.24,2021
2408,279.17,2022
463,279.12,2023
2577,279.09,2024
2102,279.08,2025
2935,279.01,2026
2094,279.01,2027
1081,278.90,2028
627,278.72,2029
1601,278.65,2030
1936,278.63,2031
2640,278.53,2032
3003,278.49,2033
3417,278.42,2034
495,278.40,2035
1969,278.40,2036
2029,278.34,2037
3022,278.33,2038
3223,278.25,2039
855,278.18,2040
1257,278.12,2041
361,278.12,2042
2072,278.06,2043
1630,278.00,2044
515,277.91,2045
1800,277.89,2046
2892,277.86,2047
1446,277.85,2048
1848,277.71,2049
3032,277.44,2050
481,277.40,2051
1279,277.32,2052
1238,277.31,2053
2313,277.31,2054
2065,277.19,2055
3236,277.15,2056
2140,276.91,2057
2429,276.91,2058
2222,276.84,2059
75,276.72,2060
3149,276.72,2061
58,276.70,2062
730,276.67,2063
1681,276.55,2064
3138,276.42,2065
1760,276.39,2066
788,276.38,2067
1527,276.37,2068
2886,276.35,2069
2340,276.34,2070
2688,276.27,2071
951,276.25,2072
3181,276.23,2073
1377,276.20,2074
2666,276.19,2075
1362,276.15,2076
589,276.07,2077
1874,276.06,2078
1928,275.95,2079
3396,275.95,2080
3281,275.78,2081
2474,275.74,2082
2905,275.72,2083
2290,275.70,2084
108,275.51,2085
1788,275.46,2086
2480,275.42,2087
3274,275.42,2088
488,275.39,2089
109,275.38,2090
1150,275.27,2091
591,275.23,2092
1878,275.11,2093
1255,275.10,2094
1395,275.00,2095
601,274.99,2096
65,274.87,2097
628,274.87,2098
2326,274.87,2099
852,274.87,2100
2546,274.83,2101
1443,274.78,2102
1980,274.75,2103
2686,274.65,2104
2087,274.62,2105
2023,274.55,2106
2148,274.50,2107
1474,274.47,2108
2409,274.45,2109
1099,274.43,2110
1302,274.38,2111
2330,274.38,2112
1193,274.34,2113
1762,274.30,2114
2321,274.27,2115
3490,274.20,2116
2728,274.20,2117
2064,274.18,2118
2359,274.15,2119
1647,274.15,2120
1378,274.13,2121
215,274.11,2122
2413,274.02,2123
893,273.92,2124
2858,273.86,2125
795,273.85,2126
1503,273.81,2127
1543,273.63,2128
851,273.59,2129
2873,273.57,2130
2201,273.56,2131
1098,273.55,2132
1203,273.53,2133
2521,273.40,2134
970,273.34,2135
2975,273.31,2136
3027,273.30,2137
1975,273.28,2138
1381,273.28,2139
2119,273.25,2140
3214,273.24,2141
608,273.19,2142
435,273.19,2143
2060,273.17,2144
1083,273.16,2145
1281,273.12,2146
3468,272.99,2147
2513,272.94,2148
1233,272.90,2149
925,272.88,2150
2031,272.87,2151
144,272.84,2152
2283,272.83,2153
402,272.70,2154
1169,272.70,2155
3194,272.69,2156
757,272.68,2157
2631,272.67,2158
1705,272.66,2159
1568,272.57,2160
4,272.57,2161
2132,272.50,2162
1201,272.42,2163
2865,272.41,2164
118,272.40,2165
819,272.39,2166
1595,272.38,2167
2323,272.38,2168
81,272.36,2169
1818,272.35,2170
1484,272.34,2171
3413,272.30,2172
1640,272.29,2173
716,272.29,2174
1161,272.27,2175
742,272.23,2176
375,272.21,2177
1116,272.12,2178
180,272.10,2179
446,272.08,2180
331,272.08,2181
1516,272.03,2182
2928,272.03,2183
2098,272.02,2184
2198,271.99,2185
1258,271.93,2186
1338,271.91,2187
1837,271.80,2188
1286,271.80,2189
2742,271.78,2190
1618,271.77,2191
2931,271.74,2192
1047,271.74,2193
1268,271.73,2194
2655,271.71,2195
3087,271.65,2196
1439,271.63,2197
496,271.61,2198
2,271.51,2199
2971,271.50,2200
158,271.49,2201
206,271.49,2202
422,271.48,2203
1940,271.46,2204
429,271.45,2205
2915,271.44,2206
1885,271.43,2207
2529,271.42,2208
1223,271.42,2209
1214,271.36,2210
439,271.33,2211
2453,271.29,2212
713,271.20,2213
2841,271.17,2214
1896,271.16,2215
3097,271.14,2216
2280,271.14,2217
357,271.12,2218
278,271.11,2219
1588,271.08,2220
1209,271.02,2221
1175,270.99,2222
1240,270.95,2223
92,270.89,2224
767,270.88,2225
362,270.86,2226
2628,270.86,2227
1927,270.84,2228
670,270.83,2229
7,270.82,2230
592,270.76,2231
1600,270.74,2232
2992,270.73,2233
412,270.70,2234
918,270.68,2235
1273,270.65,2236
2500,270.64,2237
865,270.61,2238
2876,270.61,2239
849,270.59,2240
726,270.55,2241
2373,270.54,2242
807,270.52,2243
1719,270.49,2244
150,270.46,2245
2800,270.37,2246
2106,270.36,2247
2079,270.35,2248
1434,270.33,2249
1727,270.31,2250
2667,270.25,2251
573,270.25,2252
1160,270.24,2253
3114,270.24,2254
54,270.24,2255
452,270.23,2256
536,270.23,2257
1494,270.21,2258
1139,270.21,2259
1921,270.19,2260
2644,270.18,2261
3438,270.17,2262
639,270.15,2263
3369,270.09,2264
3354,270.03,2265
1104,269.97,2266
3367,269.96,2267
1457,269.93,2268
701,269.93,2269
1706,269.89,2270
1448,269.87,2271
3474,269.86,2272
200,269.86,2273
2211,269.80,2274
2959,269.74,2275
1103,269.68,2276
3299,269.65,2277
940,269.64,2278
1276,269.60,2279
430,269.60,2280
2492,269.58,2281
961,269.58,2282
2847,269.57,2283
912,269.56,2284
740,269.55,2285
1632,269.49,2286
3389,269.47,2287
25,269.46,2288
2241,269.43,2289
1805,269.40,2290
2718,269.35,2291
2962,269.34,2292
3033,269.32,2293
1287,269.30,2294
1598,269.28,2295
2276,269.28,2296
2049,269.28,2297
1536,269.28,2298
3344,269.27,2299
2354,269.16,2300
1331,269.15,2301
2751,269.15,2302
1054,269.07,2303
3464,269.05,2304
1576,269.04,2305
3494,269.03,2306
3392,269.02,2307
1987,269.00,2308
3117,269.00,2309
214,268.96,2310
2332,268.96,2311
1256,268.92,2312
903,268.84,2313
2795,268.84,2314
1357,268.83,2315
2130,268.79,2316
2353,268.76,2317
2611,268.75,2318
399,268.72,2319
205,268.69,2320
426,268.69,2321
822,268.69,2322
1272,268.68,2323
2705,268.67,2324
1765,268.66,2325
458,268.64,2326
1013,268.56,2327
834,268.55,2328
121,268.53,2329
959,268.51,2330
1141,268.48,2331
2904,268.44,2332
1388,268.43,2333
2695,268.41,2334
39,268.41,2335
1498,268.39,2336
1960,268.38,2337
2627,268.38,2338
888,268.37,2339
1401,268.37,2340
1858,268.35,2341
368,268.34,2342
2561,268.32,2343
1126,268.26,2344
1988,268.24,2345
1641,268.19,2346
3174,268.15,2347
2762,268.11,2348
3478,268.09,2349
1898,268.08,2350
895,268.07,2351
8,268.07,2352
2828,268.07,2353
3058,268.07,2354
2383,268.07,2355
2240,268.05,2356
2286,267.95,2357
2821,267.95,2358
457,267.90,2359
2285,267.88,2360
1554,267.87,2361
1893,267.83,2362
3078,267.79,2363
1758,267.78,2364
1847,267.77,2365
227,267.75,2366
1037,267.72,2367
125,267.67,2368
1741,267.67,2369
2311,267.65,2370
582,267.60,2371
1998,267.60,2372
3485,267.58,2373
1090,267.53,2374
1611,267.50,2375
3196,267.48,2376
2671,267.47,2377
340,267.46,2378
991,267.46,2379
3183,267.38,2380
2632,267.37,2381
3031,267.36,2382
2895,267.35,2383
1074,267.27,2384
356,267.26,2385
2648,267.24,2386
2973,267.20,2387
906,267.18,2388
3430,267.18,2389
3253,267.16,2390
519,267.15,2391
811,267.11,2392
3457,266.96,2393
2237,266.89,2394
2025,266.88,2395
2551,266.88,2396
286,266.88,2397
154,266.86,2398
1358,266.82,2399
1870,266.79,2400
643,266.75,2401
1726,266.71,2402
797,266.67,2403
1355,266.67,2404
1768,266.64,2405
1154,266.64,2406
248,266.62,2407
1050,266.59,2408
2961,266.58,2409
2537,266.56,2410
2227,266.54,2411
3349,266.44,2412
2203,266.40,2413
1444,266.39,2414
3347,266.30,2415
2765,266.27,2416
826,266.27,2417
261,266.24,2418
2275,266.23,2419
617,266.21,2420
1653,266.21,2421
2248,266.20,2422
821,266.18,2423
509,266.17,2424
3297,266.11,2425
3346,266.09,2426
2615,266.07,2427
1430,266.05,2428
388,265.99,2429
13,265.97,2430
3433,265.97,2431
3481,265.96,2432
544,265.94,2433
2003,265.93,2434
2805,265.92,2435
1349,265.91,2436
1900,265.81,2437
3482,265.78,2438
3384,265.77,2439
3018,265.76,2440
1895,265.69,2441
1463,265.65,2442
2190,265.65,2443
1427,265.62,2444
876,265.62,2445
2427,265.58,2446
579,265.53,2447
768,265.52,2448
2569,265.51,2449
314,265.50,2450
779,265.50,2451
603,265.47,2452
172,265.47,2453
2039,265.45,2454
3240,265.37,2455
2636,265.37,2456
1548,265.34,2457
2709,265.34,2458
2613,265.33,2459
532,265.32,2460
2333,265.30,2461
514,265.29,2462
1441,265.25,2463
3257,265.24,2464
2309,265.20,2465
1211,265.18,2466
91,265.12,2467
1316,265.06,2468
636,265.05,2469
2464,265.04,2470
1700,265.03,2471
2443,265.03,2472
352,265.02,2473
3324,265.00,2474
1729,264.99,2475
3228,264.93,2476
2325,264.89,2477
638,264.86,2478
2045,264.78,2479
537,264.77,2480
303,264.76,2481
746,264.75,2482
992,264.71,2483
2912,264.66,2484
3460,264.65,2485
567,264.64,2486
2495,264.60,2487
2386,264.57,2488
3038,264.53,2489
1375,264.53,2490
1862,264.52,2491
2019,264.51,2492
3395,264.49,2493
391,264.44,2494
1838,264.43,2495
1764,264.42,2496
337,264.42,2497
2417,264.41,2498
2117,264.39,2499
674,264.39,2500
2723,264.36,2501
3165,264.28,2502
3120,264.26,2503
1073,264.17,2504
1697,264.16,2505
255,264.15,2506
3186,264.13,2507
1517,264.11,2508
2176,264.10,2509
650,264.06,2510
124,264.04,2511
1284,264.03,2512
856,263.92,2513
3381,263.92,2514
692,263.88,2515
74,263.87,2516
1735,263.85,2517
2983,263.84,2518
1542,263.79,2519
2005,263.77,2520
1167,263.77,2521
70,263.64,2522
2764,263.62,2523
1071,263.57,2524
1763,263.56,2525
2476,263.51,2526
3312,263.45,2527
3425,263.39,2528
378,263.32,2529
1489,263.30,2530
1579,263.25,2531
2560,263.24,2532
2822,263.23,2533
2111,263.15,2534
28,263.11,2535
641,263.07,2536
2123,262.98,2537
928,262.95,2538
1041,262.90,2539
3266,262.85,2540
1825,262.79,2541
1471,262.73,2542
956,262.68,2543
2578,262.67,2544
1564,262.64,2545
1249,262.62,2546
2404,262.58,2547
208,262.46,2548
3483,262.43,2549
879,262.35,2550
2767,262.26,2551
962,262.18,2552
3336,262.11,2553
1937,261.96,2554
659,261.71,2555
1892,261.59,2556
1207,261.54,2557
637,261.43,2558
1534,261.31,2559
2946,261.31,2560
167,261.27,2561
1469,261.07,2562
816,260.99,2563
1629,260.93,2564
890,260.81,2565
447,260.66,2566
254,260.53,2567
2398,260.32,2568
1999,260.04,2569
801,259.85,2570
943,259.61,2571
3155,259.57,2572
3258,259.52,2573
381,259.25,2574
2908,259.21,2575
2160,259.13,2576
3095,259.00,2577
297,258.93,2578
772,258.89,2579
2389,258.88,2580
1300,258.85,2581
3267,258.68,2582
1010,258.64,2583
2518,258.61,2584
2197,258.52,2585
330,258.39,2586
2310,258.37,2587
2523,258.36,2588
1159,258.24,2589
1243,258.03,2590
1344,257.75,2591
3116,257.73,2592
2620,257.71,2593
2101,257.56,2594
682,257.55,2595
882,257.53,2596
1628,257.40,2597
3310,257.38,2598
2282,257.20,2599
90,257.16,2600
3047,257.07,2601
1621,256.92,2602
229,256.88,2603
1149,256.84,2604
1955,256.66,2605
753,256.60,2606
2144,256.56,2607
2930,256.51,2608
2564,256.39,2609
3096,256.38,2610
1523,256.27,2611
2645,256.23,2612
1776,256.19,2613
1620,256.10,2614
1136,256.01,2615
3115,255.96,2616
2137,255.89,2617
2444,255.82,2618
2792,255.78,2619
233,255.70,2620
3227,255.61,2621
1644,255.60,2622
1119,255.55,2623
987,255.54,2624
717,255.23,2625
3350,255.23,2626
2168,255.04,2627
3356,254.95,2628
2639,254.93,2629
1742,254.91,2630
377,254.72,2631
2956,254.70,2632
259,254.66,2633
1961,254.66,2634
2738,254.42,2635
2342,254.40,2636
1649,254.32,2637
2787,254.13,2638
1467,254.06,2639
341,254.04,2640
658,253.88,2641
2549,253.76,2642
490,253.73,2643
3103,253.53,2644
2445,253.46,2645
1974,253.44,2646
3493,253.44,2647
2737,253.33,2648
199,252.90,2649
760,252.70,2650
1718,252.64,2651
1275,252.62,2652
543,252.58,2653
949,252.45,2654
3366,252.34,2655
764,252.26,2656
1049,252.23,2657
1971,252.15,2658
332,252.06,2659
1111,252.03,2660
2969,251.81,2661
2536,251.74,2662
419,251.74,2663
1009,251.68,2664
1582,251.64,2665
2816,251.59,2666
3479,251.56,2667
1278,251.53,2668
3286,251.46,2669
3163,251.40,2670
685,251.27,2671
1577,251.27,2672
565,251.19,2673
1801,251.01,2674
347,250.91,2675
2274,250.73,2676
60,250.37,2677
132,250.15,2678
317,250.00,2679
461,249.80,2680
1120,249.78,2681
3055,249.72,2682
2122,249.68,2683
2426,249.52,2684
3083,249.48,2685
1633,249.45,2686
3402,249.40,2687
2245,249.38,2688
98,249.19,2689
3050,249.16,2690
2802,249.04,2691
942,248.95,2692
2281,248.91,2693
3222,248.88,2694
2643,248.84,2695
1991,248.77,2696
504,248.76,2697
1619,248.72,2698
1512,248.67,2699
1828,248.56,2700
2491,248.55,2701
2284,248.44,2702
396,248.44,2703
1908,248.32,2704
2617,248.27,2705
555,248.23,2706
3409,248.20,2707
2338,248.16,2708
2552,248.08,2709
2226,248.04,2710
1713,248.00,2711
3365,247.98,2712
2871,247.95,2713
1072,247.78,2714
408,247.72,2715
2542,247.67,2716
500,247.67,2717
791,247.67,2718
1305,247.65,2719
2202,247.61,2720
2335,247.58,2721
2147,247.54,2722
1703,247.54,2723
2531,247.52,2724
554,247.39,2725
770,247.39,2726
217,247.36,2727
2512,247.36,2728
2096,247.35,2729
2716,247.31,2730
1192,247.26,2731
3328,247.08,2732
1840,247.08,2733
1592,247.06,2734
604,247.05,2735
2030,247.05,2736
3352,247.04,2737
1326,247.02,2738
518,246.93,2739
564,246.90,2740
156,246.78,2741
3041,246.77,2742
2059,246.76,2743
3291,246.74,2744
431,246.70,2745
282,246.62,2746
2839,246.58,2747
1904,246.42,2748
2376,246.41,2749
2704,246.30,2750
1386,246.13,2751
3136,246.09,2752
1915,246.00,2753
3085,245.97,2754
171,245.86,2755
2180,245.86,2756
1807,245.84,2757
3285,245.84,2758
1680,245.81,2759
2217,245.77,2760
693,245.68,2761
2917,245.64,2762
703,245.58,2763
1322,245.50,2764
2957,245.49,2765
2963,245.38,2766
1437,245.37,2767
1307,245.35,2768
830,245.35,2769
550,245.22,2770
1359,245.22,2771
1367,245.20,2772
1575,245.18,2773
181,245.15,2774
3201,245.09,2775
1599,245.05,2776
1318,244.97,2777
2157,244.95,2778
483,244.94,2779
508,244.90,2780
2701,244.90,2781
803,244.89,2782
1518,244.89,2783
2943,244.88,2784
704,244.83,2785
904,244.78,2786
2142,244.76,2787
511,244.62,2788
3263,244.61,2789
2658,244.57,2790
872,244.56,2791
2021,244.48,2792
994,244.48,2793
1859,244.48,2794
2755,244.34,2795
2043,244.29,2796
260,244.28,2797
2036,244.27,2798
1508,244.27,2799
3294,244.20,2800
2545,244.16,2801
33,244.01,2802
586,244.00,2803
3175,243.99,2804
642,243.99,2805
239,243.96,2806
3143,243.73,2807
2903,243.70,2808
2878,243.69,2809
1383,243.69,2810
2993,243.63,2811
857,243.51,2812
421,243.41,2813
2950,243.40,2814
1234,243.39,2815
1704,243.37,2816
2296,243.35,2817
34,243.29,2818
478,243.27,2819
812,243.23,2820
494,243.12,2821
3452,243.10,2822
2403,243.08,2823
1493,243.04,2824
941,243.02,2825
687,242.93,2826
756,242.92,2827
2437,242.92,2828
569,242.90,2829
386,242.81,2830
3075,242.80,2831
2048,242.80,2832
2294,242.78,2833
3169,242.77,2834
3161,242.76,2835
936,242.75,2836
2543,242.74,2837
1021,242.64,2838
840,242.62,2839
3106,242.62,2840
2761,242.50,2841
2385,242.49,2842
1584,242.47,2843
2630,242.43,2844
42,242.35,2845
1558,242.32,2846
2616,242.31,2847
3279,242.28,2848
1274,242.15,2849
1970,242.13,2850
3450,242.00,2851
302,241.86,2852
2759,241.83,2853
625,241.78,2854
110,241.76,2855
762,241.59,2856
2356,241.55,2857
2262,241.48,2858
3242,241.33,2859
3204,241.24,2860
221,241.13,2861
2499,241.12,2862
1520,241.09,2863
2588,240.96,2864
1615,240.94,2865
3465,240.81,2866
1253,240.73,2867
1570,240.67,2868
2125,240.67,2869
1345,240.54,2870
219,240.14,2871
1933,240.09,2872
2020,240.05,2873
2807,240.05,2874
2223,239.96,2875
186,239.77,2876
112,239.75,2877
2815,239.65,2878
1068,239.47,2879
1963,239.16,2880
2380,239.11,2881
2799,238.96,2882
1419,238.86,2883
1924,238.84,2884
2439,238.81,2885
89,238.68,2886
796,238.50,2887
3316,238.37,2888
105,238.35,2889
477,238.28,2890
1373,238.19,2891
986,238.16,2892
3151,237.97,2893
2071,237.88,2894
1350,237.84,2895
1012,237.80,2896
1423,237.62,2897
191,237.16,2898
1866,236.97,2899
84,236.97,2900
1994,236.91,2901
3451,236.69,2902
3098,236.66,2903
395,236.57,2904
1533,236.54,2905
967,236.40,2906
1817,236.36,2907
1835,236.11,2908
1948,236.08,2909
2827,236.06,2910
677,235.99,2911
1424,235.81,2912
238,235.80,2913
2481,235.78,2914
2958,235.50,2915
3221,235.49,2916
1247,235.34,2917
1121,235.17,2918
902,235.13,2919
1213,234.89,2920
1894,234.84,2921
3301,234.84,2922
2581,234.65,2923
539,234.52,2924
2422,234.25,2925
2927,234.21,2926
2300,234.19,2927
1097,234.18,2928
151,234.16,2929
93,234.01,2930
1405,233.93,2931
3262,233.89,2932
672,233.76,2933
2910,233.66,2934
2501,233.57,2935
280,233.35,2936
1299,233.32,2937
2680,233.10,2938
2014,233.02,2939
209,232.99,2940
1771,232.98,2941
2208,232.97,2942
484,232.85,2943
1855,232.70,2944
1844,232.46,2945
1983,232.33,2946
2783,232.14,2947
619,232.11,2948
1992,232.01,2949
1730,231.95,2950
281,231.84,2951
130,231.82,2952
1115,231.70,2953
2681,231.52,2954
2642,231.46,2955
1869,231.36,2956
689,231.31,2957
3459,231.30,2958
813,231.21,2959
2936,231.21,2960
676,231.18,2961
1398,231.17,2962
3173,231.13,2963
1996,231.07,2964
2924,231.06,2965
1210,230.93,2966
3203,230.86,2967
570,230.86,2968
2366,230.84,2969
1347,230.74,2970
2270,230.65,2971
1843,230.58,2972
2818,230.57,2973
3195,230.57,2974
1756,230.54,2975
2052,230.33,2976
2436,230.29,2977
277,230.27,2978
831,230.26,2979
2410,230.25,2980
1986,230.25,2981
2477,230.25,2982
1296,230.22,2983
2880,230.12,2984
137,230.02,2985
2789,230.00,2986
3045,229.97,2987
2350,229.97,2988
3073,229.68,2989
752,229.65,2990
2497,229.53,2991
2287,229.51,2992
2732,229.48,2993
1409,229.39,2994
3420,229.38,2995
889,229.36,2996
2883,229.16,2997
1310,229.07,2998
1077,229.06,2999
2278,229.06,3000
2794,229.04,3001
3480,229.04,3002
2540,229.01,3003
914,228.94,3004
95,228.94,3005
781,228.89,3006
325,228.89,3007
1511,228.87,3008
3229,228.74,3009
1436,228.69,3010
2622,228.57,3011
2747,228.55,3012
2289,228.45,3013
523,228.40,3014
1042,228.32,3015
1217,228.18,3016
3247,228.08,3017
2264,228.06,3018
1406,227.86,3019
2467,227.85,3020
1958,227.79,3021
695,227.68,3022
3133,227.67,3023
2714,227.61,3024
2849,227.58,3025
2164,227.36,3026
1624,227.26,3027
1747,227.21,3028
1058,227.20,3029
2446,227.18,3030
3137,227.18,3031
3280,227.07,3032
1851,226.93,3033
2689,226.91,3034
952,226.90,3035
1809,226.89,3036
1814,226.88,3037
2870,226.80,3038
736,226.78,3039
1597,226.59,3040
104,226.58,3041
1440,226.49,3042
1555,226.38,3043
2013,226.36,3044
2455,226.31,3045
528,226.31,3046
2357,226.29,3047
24,226.29,3048
64,226.09,3049
1787,226.02,3050
3500,225.99,3051
1319,225.96,3052
1888,225.87,3053
1352,225.62,3054
2304,225.50,3055
401,225.50,3056
315,225.47,3057
1897,225.39,3058
1802,225.37,3059
684,225.20,3060
1625,225.12,3061
1334,225.10,3062
2401,225.08,3063
328,225.03,3064
3432,225.01,3065
100,225.00,3066
1972,224.91,3067
2573,224.88,3068
1325,224.74,3069
3443,224.71,3070
1178,224.68,3071
2527,224.61,3072
1667,224.59,3073
1799,224.48,3074
1507,224.42,3075
765,224.35,3076
1977,224.35,3077
2195,224.28,3078
1791,224.23,3079
1492,224.20,3080
185,224.12,3081
3406,224.08,3082
1745,223.86,3083
1293,223.82,3084
2781,223.74,3085
1909,223.69,3086
2004,223.59,3087
1521,223.40,3088
1,223.27,3089
2982,223.23,3090
1309,222.93,3091
476,222.67,3092
26,222.63,3093
44,222.55,3094
1634,222.46,3095
2206,222.40,3096
633,222.31,3097
344,222.31,3098
83,222.26,3099
562,222.06,3100
1000,221.94,3101
575,221.90,3102
2676,221.88,3103
3462,221.78,3104
1578,221.62,3105
1808,221.50,3106
1417,221.45,3107
1524,221.29,3108
3361,221.04,3109
2804,221.01,3110
3086,220.80,3111
2810,220.57,3112
1248,220.26,3113
316,220.17,3114
443,220.14,3115
2379,220.10,3116
1369,219.99,3117
534,219.92,3118
226,219.87,3119
578,219.82,3120
2177,219.81,3121
1725,219.72,3122
547,219.43,3123
489,219.23,3124
776,219.00,3125
2430,218.96,3126
1001,218.64,3127
1863,218.59,3128
2855,218.35,3129
2659,217.48,3130
1250,217.39,3131
2149,217.35,3132
2806,217.20,3133
2834,217.07,3134
1162,216.86,3135
2609,216.58,3136
3470,216.47,3137
218,215.67,3138
425,215.47,3139
782,215.39,3140
2634,215.22,3141
3065,215.22,3142
3220,215.10,3143
80,214.94,3144
2608,214.90,3145
1891,214.61,3146
777,214.43,3147
2095,213.42,3148
1356,213.22,3149
2740,213.17,3150
184,212.87,3151
453,212.61,3152
1660,212.59,3153
2418,212.58,3154
1262,212.53,3155
1294,212.51,3156
934,212.45,3157
202,212.26,3158
1277,211.96,3159
66,211.85,3160
175,211.73,3161
1085,211.64,3162
442,211.42,3163
1152,211.09,3164
3099,210.96,3165
1170,210.77,3166
3113,210.77,3167
2964,210.47,3168
77,210.47,3169
1910,210.45,3170
1451,210.44,3171
832,210.37,3172
552,210.32,3173
2456,210.12,3174
574,209.83,3175
2848,209.63,3176
3052,209.51,3177
2629,209.28,3178
2793,209.20,3179
998,209.19,3180
1842,209.14,3181
835,209.06,3182
1390,208.99,3183
1676,208.64,3184
2328,208.63,3185
293,208.59,3186
2571,208.57,3187
877,208.51,3188
1775,208.47,3189
1728,208.35,3190
2579,208.30,3191
1020,208.25,3192
2575,208.23,3193
2784,208.18,3194
3348,208.02,3195
2867,207.99,3196
845,207.98,3197
3002,207.90,3198
1956,207.87,3199
3235,207.74,3200
2786,207.73,3201
894,207.71,3202
1418,207.70,3203
1890,207.67,3204
1117,207.59,3205
2819,207.55,3206
3,207.43,3207
1572,207.39,3208
2292,207.38,3209
2224,207.38,3210
3064,207.30,3211
2968,207.27,3212
363,207.14,3213
41,207.11,3214
448,207.10,3215
2756,207.06,3216
1114,207.05,3217
2395,206.92,3218
1810,206.83,3219
1408,206.82,3220
593,206.79,3221
3212,206.78,3222
2674,206.56,3223
50,206.55,3224
127,206.50,3225
1290,206.43,3226
359,206.38,3227
438,206.33,3228
252,206.31,3229
472,206.19,3230
1146,206.19,3231
2396,206.16,3232
407,206.04,3233
837,205.91,3234
2508,205.87,3235
1035,205.70,3236
2113,205.59,3237
697,205.55,3238
1876,205.26,3239
3330,205.24,3240
2777,205.24,3241
1993,204.86,3242
2650,204.82,3243
1187,204.65,3244
1260,204.60,3245
600,204.51,3246
1391,204.48,3247
3089,204.39,3248
2364,204.36,3249
2046,204.32,3250
1456,204.20,3251
631,204.01,3252
1786,203.99,3253
975,203.99,3254
2236,203.88,3255
3437,203.73,3256
2974,203.72,3257
2785,203.71,3258
2448,203.61,3259
3358,203.59,3260
2327,203.47,3261
2082,203.44,3262
2485,203.39,3263
868,203.31,3264
134,203.27,3265
666,203.12,3266
527,203.10,3267
2105,202.82,3268
2163,202.80,3269
506,202.68,3270
2183,202.52,3271
2355,202.40,3272
2212,202.20,3273
2266,201.99,3274
2372,201.93,3275
1684,201.91,3276
521,201.63,3277
3436,201.41,3278
3192,201.19,3279
3477,200.58,3280
1095,200.06,3281
3193,199.12,3282
201,198.59,3283
2743,197.94,3284
3394,197.94,3285
2442,197.67,3286
2565,197.66,3287
346,197.62,3288
2945,197.39,3289
1951,197.05,3290
2594,196.70,3291
739,196.06,3292
2041,194.87,3293
1015,194.63,3294
3276,194.55,3295
1089,194.50,3296
2307,194.36,3297
842,193.98,3298
1612,193.96,3299
2312,193.67,3300
2907,193.67,3301
1661,193.29,3302
2721,193.17,3303
3081,192.70,3304
2925,192.28,3305
3454,191.15,3306
1919,191.13,3307
3225,190.59,3308
2371,190.00,3309
2416,189.71,3310
1385,189.36,3311
392,189.32,3312
1929,188.14,3313
938,188.14,3314
3219,187.90,3315
829,187.86,3316
3382,187.77,3317
266,187.28,3318
2754,187.22,3319
1061,186.90,3320
1550,186.84,3321
3046,186.09,3322
2067,185.98,3323
3439,185.57,3324
2586,185.36,3325
398,185.32,3326
334,185.20,3327
1567,185.08,3328
874,184.71,3329
648,184.11,3330
1608,183.52,3331
3303,183.52,3332
3388,183.41,3333
2083,183.40,3334
790,183.37,3335
220,183.22,3336
2035,183.09,3337
1086,182.95,3338
3275,181.14,3339
3306,180.99,3340
1510,180.89,3341
161,180.77,3342
968,180.28,3343
3405,180.22,3344
2062,180.14,3345
2837,179.31,3346
1131,179.09,3347
2717,178.97,3348
2405,178.79,3349
3197,178.00,3350
933,177.72,3351
945,177.39,3352
3158,177.11,3353
1402,176.29,3354
984,176.27,3355
2257,176.22,3356
629,176.18,3357
2760,175.94,3358
2942,175.31,3359
1551,174.97,3360
1875,174.41,3361
3091,174.04,3362
3119,173.60,3363
2433,173.48,3364
921,173.08,3365
720,172.95,3366
3340,172.59,3367
1460,172.49,3368
1101,172.34,3369
3015,172.30,3370
1180,172.05,3371
2193,171.93,3372
3066,171.87,3373
3488,171.44,3374
415,171.41,3375
2692,171.34,3376
683,171.28,3377
3292,171.09,3378
2194,170.96,3379
1080,170.79,3380
1076,170.60,3381
2199,170.47,3382
2318,170.25,3383
1465,169.64,3384
3232,169.60,3385
3321,169.49,3386
2970,169.28,3387
1663,169.17,3388
503,168.27,3389
1607,168.02,3390
2845,167.89,3391
2263,167.67,3392
3061,167.43,3393
307,167.40,3394
2530,167.38,3395
1662,167.30,3396
1594,167.13,3397
122,167.11,3398
2225,167.01,3399
3254,166.96,3400
273,166.81,3401
981,166.56,3402
898,166.52,3403
3040,166.21,3404
2938,166.10,3405
2435,165.97,3406
1811,165.68,3407
2641,165.62,3408
3455,165.33,3409
1130,165.21,3410
2367,164.95,3411
2547,164.68,3412
597,163.65,3413
1651,163.37,3414
2487,162.16,3415
195,162.10,3416
1821,160.46,3417
18,159.99,3418
76,158.20,3419
2700,157.95,3420
1379,157.67,3421
2729,156.50,3422
1481,156.03,3423
3335,153.70,3424
1562,153.48,3425
1190,153.20,3426
2068,152.99,3427
2189,152.71,3428
1714,152.12,3429
1239,151.84,3430
1873,151.80,3431
1282,151.52,3432
1530,151.47,3433
1133,151.34,3434
2601,151.19,3435
188,150.85,3436
669,150.60,3437
2343,149.38,3438
2127,149.11,3439
1652,149.07,3440
1749,148.83,3441
1324,148.47,3442
3315,148.19,3443
2234,148.15,3444
11,147.87,3445
269,147.52,3446
667,146.64,3447
2887,145.08,3448
3039,144.80,3449
1051,144.53,3450
2556,144.48,3451
371,144.21,3452
1485,144.19,3453
3230,143.91,3454
3387,140.80,3455
1795,139.91,3456
1473,138.97,3457
769,138.69,3458
2960,137.15,3459
1658,136.29,3460
843,135.50,3461
754,135.01,3462
774,135.01,3463
2470,134.73,3464
905,133.92,3465
2146,133.82,3466
1831,133.80,3467
2862,133.45,3468
2933,133.33,3469
3207,133.31,3470
2572,132.84,3471
1889,132.12,3472
1128,131.65,3473
2995,127.07,3474
1935,121.56,3475
909,117.02,3476
3019,115.22,3477
2250,114.27,3478
1148,112.43,3479
853,112.31,3480
2872,112.15,3481
2251,112.03,3482
1394,111.88,3483
1327,111.82,3484
247,111.56,3485
1553,111.54,3486
3261,110.63,3487
1819,110.35,3488
749,108.49,3489
2315,107.90,3490
3053,107.61,3491
958,102.39,3492
707,98.43,3493
3326,85.01,3494
655,75.85,3495
3184,75.73,3496
502,75.24,3497
1899,74.05,3498
1941,73.93,3499
1091,52.91,3500
